event,from,to
2020-06-13T10:26:27,2020-06-13T10:25:57,2020-06-13T10:27:57
2020-06-13T10:27:32,2020-06-13T10:27:02,2020-06-13T10:29:02
2020-06-17T06:52:29,2020-06-17T06:51:59,2020-06-17T06:53:59
2020-06-18T15:26:09,2020-06-18T15:25:39,2020-06-18T15:27:39
2020-06-23T20:41:29,2020-06-23T20:40:59,2020-06-23T20:42:59
2020-06-24T05:51:00,2020-06-24T05:50:30,2020-06-24T05:52:30
2020-06-25T05:41:44,2020-06-25T05:41:14,2020-06-25T05:43:14
2020-07-08T03:59:22,2020-07-08T03:58:22,2020-07-08T04:00:22
2020-07-08T17:29:45,2020-07-08T17:29:15,2020-07-08T17:31:15
2020-07-10T23:14:35,2020-07-10T23:13:35,2020-07-10T23:15:35
2020-07-14T00:16:47,2020-07-14T00:16:17,2020-07-14T00:18:17
2020-07-17T11:37:28,2020-07-17T11:36:58,2020-07-17T11:38:58
2020-07-22T00:42:27,2020-07-22T00:41:57,2020-07-22T00:43:57
2020-07-22T15:05:36,2020-07-22T15:05:06,2020-07-22T15:07:06
2020-07-23T12:56:00,2020-07-23T12:55:30,2020-07-23T12:57:30
2020-07-29T23:16:08,2020-07-29T23:15:38,2020-07-29T23:17:38
2020-07-31T15:20:40,2020-07-31T15:20:10,2020-07-31T15:22:10
2020-08-02T02:25:16,2020-08-02T02:24:46,2020-08-02T02:26:46
2020-08-02T15:05:41,2020-08-02T15:05:11,2020-08-02T15:07:11
2020-08-03T12:18:30,2020-08-03T12:18:00,2020-08-03T12:20:00
2020-08-04T13:18:08,2020-08-04T13:17:38,2020-08-04T13:19:38